name,food_subgroup,food_group
Angelica,Herbs,"Herbs and Spices"
"Savoy cabbage",Cabbages,Vegetables
"Silver linden",Herbs,"Herbs and Spices"
Kiwi,"Tropical fruits",Fruits
Allium,"Onion-family vegetables",Vegetables
"Garden onion","Onion-family vegetables",Vegetables
Leek,"Onion-family vegetables",Vegetables
Garlic,Herbs,"Herbs and Spices"
Chives,Herbs,"Herbs and Spices"
"Lemon verbena",Herbs,"Herbs and Spices"
"Cashew nut",Nuts,Nuts
Pineapple,"Tropical fruits",Fruits
Dill,Herbs,"Herbs and Spices"
"Custard apple","Tropical fruits",Fruits
"Wild celery",Spices,"Herbs and Spices"
Peanut,Nuts,Nuts
Burdock,"Root vegetables",Vegetables
Horseradish,Spices,"Herbs and Spices"
Tarragon,Herbs,"Herbs and Spices"
Mugwort,Herbs,"Herbs and Spices"
Asparagus,"Shoot vegetables",Vegetables
Oat,Cereals,"Cereals and cereal products"
"Star fruit","Tropical fruits",Fruits
"Brazil nut",Nuts,Nuts
"Common beet","Leaf vegetables",Vegetables
Borage,"Oilseed crops","Herbs and Spices"
"Chinese mustard",Cabbages,Vegetables
Swede,"Root vegetables",Vegetables
Rape,"Root vegetables",Vegetables
"Common cabbage",Cabbages,Vegetables
Cauliflower,Cabbages,Vegetables
"Brussel sprouts",Cabbages,Vegetables
Kohlrabi,"Root vegetables",Vegetables
Broccoli,Cabbages,Vegetables
"Chinese cabbage",Cabbages,Vegetables
Turnip,Herbs,"Herbs and Spices"
"Pigeon pea",Peas,Pulses
Tea,Teas,Teas
Capers,Spices,"Herbs and Spices"
Pepper,"Fruit vegetables",Vegetables
Papaya,"Tropical fruits",Fruits
Safflower,"Oilseed crops","Herbs and Spices"
Caraway,Spices,"Herbs and Spices"
"Pecan nut",Nuts,Nuts
Chestnut,Nuts,Nuts
"Roman camomile",Herbs,"Herbs and Spices"
Chickpea,Peas,Pulses
Endive,"Leaf vegetables",Vegetables
Chicory,"Root vegetables",Vegetables
"Chinese cinnamon",Spices,"Herbs and Spices"
"Ceylon cinnamon",Spices,"Herbs and Spices"
Watermelon,Gourds,Gourds
Lime,Citrus,Fruits
Lemon,Citrus,Fruits
Pummelo,Citrus,Fruits
"Mandarin orange (Clementine, Tangerine)",Citrus,Fruits
"Sweet orange",Citrus,Fruits
Coffee,Coffee,"Coffee and coffee products"
"Arabica coffee",Coffee,"Coffee and coffee products"
"Robusta coffee",Coffee,"Coffee and coffee products"
Coriander,Herbs,"Herbs and Spices"
"Common hazelnut",Nuts,Nuts
Saffron,Spices,"Herbs and Spices"
Muskmelon,Gourds,Gourds
Cucumber,Gourds,Gourds
Cucurbita,Gourds,Gourds
Cumin,Spices,"Herbs and Spices"
Turmeric,Spices,"Herbs and Spices"
Quince,Pomes,Fruits
"Lemon grass",Herbs,"Herbs and Spices"
"Globe artichoke","Shoot vegetables",Vegetables
"Wild carrot","Root vegetables",Vegetables
"Japanese persimmon","Tropical fruits",Fruits
Cardamom,Spices,"Herbs and Spices"
"Black crowberry",Berries,Fruits
Loquat,"Tropical fruits",Fruits
"Rocket salad (ssp.)","Leaf vegetables",Vegetables
"Wax apple","Tropical fruits",Fruits
"Common buckwheat",Cereals,"Cereals and cereal products"
"Tartary buckwheat",Cereals,"Cereals and cereal products"
Fig,"Other fruits",Fruits
Fennel,Herbs,"Herbs and Spices"
Strawberry,Berries,Fruits
"Black huckleberry",Berries,Fruits
"Soy bean",Soy,Soy
Sunflower,"Oilseed crops","Herbs and Spices"
Sea-buckthornberry,Berries,Fruits
Barley,Cereals,"Cereals and cereal products"
Hyssop,Herbs,"Herbs and Spices"
"Star anise",Spices,"Herbs and Spices"
"Swamp cabbage","Leaf vegetables",Vegetables
"Sweet potato",Tubers,Vegetables
"Black walnut",Nuts,Nuts
"Common walnut",Nuts,Nuts
Lettuce,"Leaf vegetables",Vegetables
"Grass pea",Peas,Pulses
"Sweet bay",Herbs,"Herbs and Spices"
Lentils,Lentils,Pulses
"Garden cress","Leaf vegetables",Vegetables
Lovage,Herbs,"Herbs and Spices"
Flaxseed,"Oilseed crops","Herbs and Spices"
"Mexican oregano",Herbs,"Herbs and Spices"
Lichee,"Tropical fruits",Fruits
Lupine,"Other pulses",Pulses
Apple,Pomes,Fruits
Mango,"Tropical fruits",Fruits
"German camomile",Herbs,"Herbs and Spices"
"Lemon balm",Herbs,"Herbs and Spices"
Mentha,Herbs,"Herbs and Spices"
"Orange mint",Herbs,"Herbs and Spices"
Cornmint,Herbs,"Herbs and Spices"
Spearmint,Herbs,"Herbs and Spices"
Peppermint,Herbs,"Herbs and Spices"
Medlar,Pomes,Fruits
"Bitter gourd",Gourds,Gourds
Mulberry,Berries,Fruits
"Black mulberry",Berries,Fruits
Nutmeg,Spices,"Herbs and Spices"
"Sweet basil",Herbs,"Herbs and Spices"
"Evening primrose","Oilseed crops","Herbs and Spices"
Olive,"Fruit vegetables",Vegetables
"Sweet marjoram",Herbs,"Herbs and Spices"
"Pot marjoram",Herbs,"Herbs and Spices"
"Common oregano",Herbs,"Herbs and Spices"
Rice,Cereals,"Cereals and cereal products"
Millet,Cereals,"Cereals and cereal products"
Poppy,"Oilseed crops","Herbs and Spices"
"Passion fruit","Tropical fruits",Fruits
Parsnip,"Root vegetables",Vegetables
Avocado,"Fruit vegetables",Vegetables
Parsley,Herbs,"Herbs and Spices"
"Scarlet bean",Beans,Pulses
"Lima bean",Beans,Pulses
"Common bean",Beans,Pulses
Date,"Other fruits",Fruits
"Black chokeberry",Berries,Fruits
Anise,Herbs,"Herbs and Spices"
"Pine nut",Nuts,Nuts
"Pepper (Spice)",Spices,"Herbs and Spices"
Pistachio,Nuts,Nuts
"Common pea",Peas,Pulses
Purslane,Herbs,"Herbs and Spices"
"Prunus (Cherry, Plum)",Drupes,Fruits
Apricot,Drupes,Fruits
"Sweet cherry",Drupes,Fruits
"Sour cherry",Drupes,Fruits
"European plum",Drupes,Fruits
Almond,Nuts,Nuts
Peach,Drupes,Fruits
Guava,"Tropical fruits",Fruits
Pomegranate,"Tropical fruits",Fruits
Pear,Pomes,Fruits
Radish,"Root vegetables",Vegetables
"Garden rhubarb","Stalk vegetables",Vegetables
Blackcurrant,Berries,Fruits
Redcurrant,Berries,Fruits
Gooseberry,Berries,Fruits
Watercress,Herbs,"Herbs and Spices"
Rosemary,Herbs,"Herbs and Spices"
"Rubus (Blackberry, Raspberry)",Berries,Fruits
Cloudberry,Berries,Fruits
"Red raspberry",Berries,Fruits
"Black raspberry",Berries,Fruits
Sorrel,Herbs,"Herbs and Spices"
"Common sage",Herbs,"Herbs and Spices"
"Black elderberry",Berries,Fruits
"Summer savory",Herbs,"Herbs and Spices"
"Winter savory",Herbs,"Herbs and Spices"
Rye,Cereals,"Cereals and cereal products"
Sesame,"Oilseed crops","Herbs and Spices"
"Garden tomato","Fruit vegetables",Vegetables
"Cherry tomato","Fruit vegetables",Vegetables
"Garden tomato (var.)","Fruit vegetables",Vegetables
Eggplant,"Fruit vegetables",Vegetables
Potato,Tubers,Vegetables
Rowanberry,Berries,Fruits
Sorghum,Cereals,"Cereals and cereal products"
Spinach,"Leaf vegetables",Vegetables
Cloves,Spices,"Herbs and Spices"
Tamarind,"Tropical fruits",Fruits
Dandelion,Herbs,"Herbs and Spices"
"Cocoa bean",Cocoa,"Cocoa and cocoa products"
"Common thyme",Herbs,"Herbs and Spices"
Linden,Herbs,"Herbs and Spices"
"Small-leaf linden",Herbs,"Herbs and Spices"
Fenugreek,Herbs,"Herbs and Spices"
"Common wheat",Cereals,"Cereals and cereal products"
"Vaccinium (Blueberry, Cranberry, Huckleberry)",Berries,Fruits
"Lowbush blueberry",Berries,Fruits
Sparkleberry,Berries,Fruits
"Highbush blueberry",Berries,Fruits
"American cranberry",Berries,Fruits
Bilberry,Berries,Fruits
Lingonberry,Berries,Fruits
Vanilla,Spices,"Herbs and Spices"
"Common verbena",Herbs,"Herbs and Spices"
"Broad bean",Beans,Pulses
"Adzuki bean",Beans,Pulses
"Gram bean",Beans,Pulses
"Mung bean",Beans,Pulses
"Climbing bean",Beans,Pulses
Cowpea,Peas,Pulses
"Muscadine grape",Berries,Fruits
"Common grape",Berries,Fruits
Corn,Cereals,"Cereals and cereal products"
Ginger,Spices,"Herbs and Spices"
"Arctic blackberry",Berries,Fruits
Banana,"Tropical fruits",Fruits
Bayberry,Berries,Fruits
"Elliott's blueberry",Berries,Fruits
"Canada blueberry",Berries,Fruits
"Bog bilberry",Berries,Fruits
"Buffalo currant",Berries,Fruits
Celeriac,"Root vegetables",Vegetables
"Celery stalks","Stalk vegetables",Vegetables
"Chinese chives",Herbs,"Herbs and Spices"
"European cranberry",Berries,Fruits
Deerberry,Berries,Fruits
Ginseng,Spices,"Herbs and Spices"
"Cascade huckleberry",Berries,Fruits
"Oval-leaf huckleberry",Berries,Fruits
"Evergreen huckleberry",Berries,Fruits
"Red huckleberry",Berries,Fruits
Longan,"Tropical fruits",Fruits
"Macadamia nut (M. tetraphylla)",Nuts,Nuts
"Garden onion (var.)","Onion-family vegetables",Vegetables
"Summer grape",Berries,Fruits
"Fox grape",Berries,Fruits
Nectarine,Drupes,Fruits
"Peach (var.)",Drupes,Fruits
"Pepper (C. baccatum)","Fruit vegetables",Vegetables
"Pepper (C. chinense)","Fruit vegetables",Vegetables
"Pepper (Capsicum)","Fruit vegetables",Vegetables
Rambutan,"Tropical fruits",Fruits
"Red rice",Cereals,"Cereals and cereal products"
"Annual wild rice",Cereals,"Cereals and cereal products"
"Swiss chard","Leaf vegetables",Vegetables
"Lemon thyme",Herbs,"Herbs and Spices"
"Tronchuda cabbage",Cabbages,Vegetables
"Japanese walnut",Nuts,Nuts
"Welsh onion",Herbs,"Herbs and Spices"
"Hard wheat",Cereals,"Cereals and cereal products"
Shallot,"Onion-family vegetables",Vegetables
"Rocket salad","Leaf vegetables",Vegetables
Carrot,"Root vegetables",Vegetables
Triticale,Cereals,"Cereals and cereal products"
"Black cabbage",Cabbages,Vegetables
"Half-highbush blueberry",Berries,Fruits
"Celery leaves",Herbs,"Herbs and Spices"
"Chicory leaves","Leaf vegetables",Vegetables
Komatsuna,Cabbages,Vegetables
"Pak choy",Cabbages,Vegetables
"Napa cabbage",Cabbages,Vegetables
"Chicory roots","Root vegetables",Vegetables
"Grapefruit/Pummelo hybrid",Citrus,Fruits
Grapefruit,Citrus,Fruits
Jostaberry,Berries,Fruits
Kai-lan,Cabbages,Vegetables
"Italian oregano",Herbs,"Herbs and Spices"
"Oxheart cabbage",Cabbages,Vegetables
"Daikon radish","Root vegetables",Vegetables
"Black radish","Root vegetables",Vegetables
"Radish (var.)","Root vegetables",Vegetables
"Red beetroot","Root vegetables",Vegetables
"Sweet rowanberry",Berries,Fruits
"Pineappple sage",Herbs,"Herbs and Spices"
"Skunk currant",Berries,Fruits
Beer,"Fermented beverages",Beverages
"Other bread","Other breads","Cereals and cereal products"
"Breakfast cereal","Cereal products","Cereals and cereal products"
"Other soy product","Soy products",Soy
"Other cereal product","Cereal products","Cereals and cereal products"
Pasta,"Cereal products","Cereals and cereal products"
Biscuit,"Cereal products","Cereals and cereal products"
Sourdough,Doughs,"Cereals and cereal products"
Spirit,"Distilled beverages",Beverages
"Fortified wine","Fortified wines",Beverages
"Other alcoholic beverage","Alcoholic beverages",Beverages
Abalone,Mollusks,"Aquatic foods"
Abiyuch,"Tropical fruits",Fruits
Acerola,"Tropical fruits",Fruits
Acorn,Nuts,Nuts
"Winter squash",Gourds,Gourds
Agar,Seaweed,"Aquatic foods"
"Red king crab",Crustaceans,"Aquatic foods"
Alfalfa,Herbs,"Herbs and Spices"
Allspice,Spices,"Herbs and Spices"
Amaranth,Herbs,"Herbs and Spices"
Arrowhead,Tubers,Vegetables
Arrowroot,Tubers,Vegetables
"Asian pear",Pomes,Fruits
"Atlantic herring",Fishes,"Aquatic foods"
"Atlantic mackerel",Fishes,"Aquatic foods"
"Painted comber",Fishes,"Aquatic foods"
"Atlantic pollock",Fishes,"Aquatic foods"
"Atlantic wolffish",Fishes,"Aquatic foods"
"Bamboo shoots","Shoot vegetables",Vegetables
"Striped bass",Fishes,"Aquatic foods"
"Beech nut",Nuts,Nuts
"Beluga whale",Cetaceans,"Aquatic foods"
Bison,Bovines,"Animal foods"
"Alaska blackfish",Fishes,"Aquatic foods"
"Blue crab",Crustaceans,"Aquatic foods"
"Blue mussel",Mollusks,"Aquatic foods"
"Northern bluefin tuna",Fishes,"Aquatic foods"
Bluefish,Fishes,"Aquatic foods"
"Wild boar",Swine,"Animal foods"
"Bowhead whale",Cetaceans,"Aquatic foods"
Breadfruit,"Tropical fruits",Fruits
"Breadnut tree seed","Other seeds","Herbs and Spices"
Rapini,Cabbages,Vegetables
Buffalo,Bovines,"Animal foods"
Burbot,Fishes,"Aquatic foods"
"Giant butterbur","Other vegetables",Vegetables
"American butterfish",Fishes,"Aquatic foods"
Butternut,Nuts,Nuts
"Butternut squash",Gourds,Gourds
Calabash,Gourds,Gourds
Cardoon,"Shoot vegetables",Vegetables
"Natal plum","Tropical fruits",Fruits
Carob,"Other vegetables",Vegetables
"Common carp",Fishes,"Aquatic foods"
Cassava,Tubers,Vegetables
"Channel catfish",Fishes,"Aquatic foods"
Chayote,Gourds,Gourds
Cherimoya,"Tropical fruits",Fruits
Chervil,Spices,"Herbs and Spices"
Chia,"Other seeds","Herbs and Spices"
Chicken,Poultry,"Animal foods"
"Chinese broccoli",Cabbages,Vegetables
"Chinese chestnut",Nuts,Nuts
"Chinese water chestnut","Other vegetables",Vegetables
"Garland chrysanthemum","Leaf vegetables",Vegetables
Cisco,Fishes,"Aquatic foods"
"Nuttall cockle",Mollusks,"Aquatic foods"
Coconut,"Tropical fruits",Fruits
"Pacific cod",Fishes,"Aquatic foods"
"Atlantic cod",Fishes,"Aquatic foods"
"Common octopus",Mollusks,"Aquatic foods"
"Corn salad","Leaf vegetables",Vegetables
Cottonseed,"Oilseed crops","Herbs and Spices"
"Catjang pea",Peas,Pulses
"Malus (Crab apple)",Pomes,Fruits
Squashberry,Berries,Fruits
"Atlantic croaker",Fishes,"Aquatic foods"
Cusk,Fishes,"Aquatic foods"
Cuttlefish,Mollusks,"Aquatic foods"
"Mule deer",Venison,"Animal foods"
Devilfish,Fishes,"Aquatic foods"
Dock,Herbs,"Herbs and Spices"
"Dolphin fish",Fishes,"Aquatic foods"
"Freshwater drum",Fishes,"Aquatic foods"
"Mallard duck",Poultry,"Animal foods"
"Dungeness crab",Crustaceans,"Aquatic foods"
Durian,"Tropical fruits",Fruits
"Eastern oyster",Mollusks,"Aquatic foods"
"Freshwater eel",Fishes,"Aquatic foods"
Elderberry,Berries,Fruits
Elk,Venison,"Animal foods"
Emu,Poultry,"Animal foods"
"Oregon yampah","Root vegetables",Vegetables
"European anchovy",Fishes,"Aquatic foods"
"European chestnut",Nuts,Nuts
Turbot,Fishes,"Aquatic foods"
Fireweed,Herbs,"Herbs and Spices"
"Florida pompano",Fishes,"Aquatic foods"
"Ginkgo nuts","Other seeds","Herbs and Spices"
"Greylag goose",Poultry,"Animal foods"
Grape,Berries,Fruits
"Greenland halibut/turbot",Fishes,"Aquatic foods"
Groundcherry,"Fruit vegetables",Vegetables
Grouper,Fishes,"Aquatic foods"
"Guinea hen",Poultry,"Animal foods"
Haddock,Fishes,"Aquatic foods"
"Hippoglossus (Common halibut)",Fishes,"Aquatic foods"
Hazelnut,Nuts,Nuts
"Hickory nut",Nuts,Nuts
Horse,Equines,"Animal foods"
"Horseradish tree","Other vegetables",Vegetables
"Alaska blueberry",Berries,Fruits
"Hyacinth bean",Beans,Pulses
"Irish moss",Seaweed,"Aquatic foods"
"Pacific jack mackerel",Fishes,"Aquatic foods"
Jackfruit,"Tropical fruits",Fruits
"Japanese chestnut",Nuts,Nuts
"Java plum","Tropical fruits",Fruits
"Jerusalem artichoke",Tubers,Vegetables
Jujube,"Other fruits",Fruits
Jute,"Leaf vegetables",Vegetables
Kale,Cabbages,Vegetables
Kelp,Seaweed,"Aquatic foods"
"King mackerel",Fishes,"Aquatic foods"
Kumquat,"Tropical fruits",Fruits
Lambsquarters,"Leaf vegetables",Vegetables
"Leather chiton",Mollusks,"Aquatic foods"
"Wild leek","Onion-family vegetables",Vegetables
"Common ling",Fishes,"Aquatic foods"
Lingcod,Fishes,"Aquatic foods"
"American lobster",Crustaceans,"Aquatic foods"
Loganberry,Berries,Fruits
Lotus,"Other seeds","Herbs and Spices"
"Sacred lotus","Other vegetables",Vegetables
"White lupine","Other pulses",Pulses
"Malabar spinach","Leaf vegetables",Vegetables
"Mammee apple","Tropical fruits",Fruits
"Purple mangosteen","Tropical fruits",Fruits
"Alpine sweetvetch","Root vegetables",Vegetables
Milkfish,Fishes,"Aquatic foods"
Monkfish,Fishes,"Aquatic foods"
"Moth bean",Beans,Pulses
"Mountain yam",Tubers,Vegetables
"Striped mullet",Fishes,"Aquatic foods"
"White mustard",Spices,"Herbs and Spices"
"Mustard spinach",Cabbages,Vegetables
"New Zealand spinach","Leaf vegetables",Vegetables
Nopal,"Other vegetables",Vegetables
"Ocean pout",Fishes,"Aquatic foods"
"North Pacific giant octopus",Mollusks,"Aquatic foods"
"Ohelo berry",Berries,Fruits
Okra,"Other vegetables",Vegetables
Tunicate,"Other aquatic foods","Aquatic foods"
Ostrich,Poultry,"Animal foods"
"Spotted seal",Pinnipeds,"Aquatic foods"
"Pacific herring",Fishes,"Aquatic foods"
"Pacific oyster",Mollusks,"Aquatic foods"
"Pacific rockfish",Fishes,"Aquatic foods"
"Velvet duck",Poultry,"Animal foods"
"Pepper (C. frutescens)","Fruit vegetables",Vegetables
"Common persimmon","Tropical fruits",Fruits
Pheasant,Poultry,"Animal foods"
"Northern pike",Fishes,"Aquatic foods"
"Pili nut",Nuts,Nuts
"Colorado pinyon",Nuts,Nuts
Pitanga,"Tropical fruits",Fruits
"Plains prickly pear","Tropical fruits",Fruits
"French plantain","Tropical fruits",Fruits
"American pokeweed","Shoot vegetables",Vegetables
"Opium poppy",Spices,"Herbs and Spices"
"Prairie turnip","Root vegetables",Vegetables
"Prickly pear","Tropical fruits",Fruits
Quinoa,"Other seeds","Herbs and Spices"
"European rabbit",Lagomorphs,"Animal foods"
"Rainbow smelt",Fishes,"Aquatic foods"
"Rainbow trout",Fishes,"Aquatic foods"
"Malabar plum","Tropical fruits",Fruits
"Rose hip",Herbs,"Herbs and Spices"
Roselle,Herbs,"Herbs and Spices"
"Orange roughy",Fishes,"Aquatic foods"
Sablefish,Fishes,"Aquatic foods"
"Pink salmon",Fishes,"Aquatic foods"
"Chum salmon",Fishes,"Aquatic foods"
"Coho salmon",Fishes,"Aquatic foods"
"Sockeye salmon",Fishes,"Aquatic foods"
"Chinook salmon",Fishes,"Aquatic foods"
"Atlantic salmon",Fishes,"Aquatic foods"
Salmonberry,Berries,Fruits
"Common salsify","Root vegetables",Vegetables
Sapodilla,"Tropical fruits",Fruits
"Mamey sapote","Tropical fruits",Fruits
"Spanish mackerel",Fishes,"Aquatic foods"
"Pacific sardine",Fishes,"Aquatic foods"
Scallop,Mollusks,"Aquatic foods"
Scup,Fishes,"Aquatic foods"
"Sea cucumber","Other aquatic foods","Aquatic foods"
"Steller sea lion",Pinnipeds,"Aquatic foods"
"Bearded seal",Pinnipeds,"Aquatic foods"
"Ringed seal",Pinnipeds,"Aquatic foods"
"Sea trout",Fishes,"Aquatic foods"
"Sesbania flower","Other vegetables",Vegetables
"American shad",Fishes,"Aquatic foods"
Shark,Fishes,"Aquatic foods"
Sheefish,Fishes,"Aquatic foods"
"Sheep (Mutton, Lamb)",Ovis,"Animal foods"
Sheepshead,Fishes,"Aquatic foods"
"Hedge mustard","Other seeds","Herbs and Spices"
"Skipjack tuna",Fishes,"Aquatic foods"
Snapper,Fishes,"Aquatic foods"
Soursop,"Tropical fruits",Fruits
Spelt,Cereals,"Cereals and cereal products"
Spirulina,Seaweed,"Aquatic foods"
Squab,Poultry,"Animal foods"
"Strawberry guava",Berries,Fruits
"Greater sturgeon",Fishes,"Aquatic foods"
"White sucker",Fishes,"Aquatic foods"
"Sugar apple","Tropical fruits",Fruits
"Pumpkinseed sunfish",Fishes,"Aquatic foods"
Swordfish,Fishes,"Aquatic foods"
Taro,"Root vegetables",Vegetables
Teff,Herbs,"Herbs and Spices"
Tilefish,Fishes,"Aquatic foods"
"Mexican groundcherry","Fruit vegetables",Vegetables
"Towel gourd",Gourds,Gourds
"Salmonidae (Salmon, Trout)",Fishes,"Aquatic foods"
Turkey,Poultry,"Animal foods"
"Cattle (Beef, Veal)",Bovines,"Animal foods"
Walleye,Fishes,"Aquatic foods"
"Alaska pollock",Fishes,"Aquatic foods"
Wasabi,Spices,"Herbs and Spices"
"Wax gourd",Gourds,Gourds
Whelk,Mollusks,"Aquatic foods"
"Coalfish pollock",Fishes,"Aquatic foods"
"Broad whitefish",Fishes,"Aquatic foods"
Whitefish,Fishes,"Aquatic foods"
Whiting,Fishes,"Aquatic foods"
"Wild rice",Cereals,"Cereals and cereal products"
"Tea leaf willow",Herbs,"Herbs and Spices"
"Winged bean",Beans,Pulses
Yam,Tubers,Vegetables
Jicama,"Root vegetables",Vegetables
Yautia,"Leaf vegetables",Vegetables
"Yellowfin tuna",Fishes,"Aquatic foods"
"Yellowtail amberjack",Fishes,"Aquatic foods"
Pollock,Fishes,"Aquatic foods"
"Albacore tuna",Fishes,"Aquatic foods"
"Gadus (Common cod)",Fishes,"Aquatic foods"
"Atlantic halibut",Fishes,"Aquatic foods"
"Pacific halibut",Fishes,"Aquatic foods"
"Pacific salmon",Fishes,"Aquatic foods"
Smelt,Fishes,"Aquatic foods"
"Clupeinae (Herring, Sardine, Sprat)",Fishes,"Aquatic foods"
"Spiny lobster",Crustaceans,"Aquatic foods"
"Snow crab",Crustaceans,"Aquatic foods"
"Black-eyed pea",Peas,Pulses
Deer,Venison,"Animal foods"
"Macadamia nut",Nuts,Nuts
"Percoidei (Bass and others)",Fishes,"Aquatic foods"
Perciformes,Fishes,"Aquatic foods"
Rabbit,Lagomorphs,"Animal foods"
"Domestic goat",Caprae,"Animal foods"
Beefalo,Bovines,"Animal foods"
"Bivalvia (Clam, Mussel, Oyster)",Mollusks,"Aquatic foods"
Squid,Mollusks,"Aquatic foods"
Shrimp,Crustaceans,"Aquatic foods"
Crayfish,Crustaceans,"Aquatic foods"
Flatfish,Fishes,"Aquatic foods"
"Domestic pig",Swine,"Animal foods"
Walrus,Pinnipeds,"Aquatic foods"
"Alaska wild rhubarb","Stalk vegetables",Vegetables
"Oriental wheat",Cereals,"Cereals and cereal products"
"Yardlong bean",Peas,Pulses
Quail,Poultry,"Animal foods"
Boysenberry,Berries,Fruits
"Persian lime",Citrus,Fruits
Feijoa,"Tropical fruits",Fruits
Rowal,"Other seeds","Herbs and Spices"
"Jew's ear",Mushrooms,Vegetables
"Common mushroom",Mushrooms,Vegetables
Shiitake,Mushrooms,Vegetables
"Purple laver",Seaweed,"Aquatic foods"
Wakame,Seaweed,"Aquatic foods"
Enokitake,Mushrooms,Vegetables
Epazote,Herbs,"Herbs and Spices"
"Oyster mushroom",Mushrooms,Vegetables
"Cloud ear fungus",Mushrooms,Vegetables
Maitake,Mushrooms,Vegetables
"Ostrich fern","Leaf vegetables",Vegetables
"Spot croaker",Fishes,"Aquatic foods"
Sourdock,Herbs,"Herbs and Spices"
Tinda,Gourds,Gourds
"Atlantic menhaden",Fishes,"Aquatic foods"
Wheat,Cereals,"Cereals and cereal products"
"Common chokecherry",Drupes,Fruits
Agave,"Other vegetables",Vegetables
"Narrowleaf cattail","Other vegetables",Vegetables
Jellyfish,"Other aquatic foods","Aquatic foods"
Anchovy,Fishes,"Aquatic foods"
"Blue whiting",Fishes,"Aquatic foods"
"Carp bream",Fishes,"Aquatic foods"
Chanterelle,Mushrooms,Vegetables
Sturgeon,Fishes,"Aquatic foods"
Charr,Fishes,"Aquatic foods"
Cinnamon,Spices,"Herbs and Spices"
Crab,Crustaceans,"Aquatic foods"
"Common dab",Fishes,"Aquatic foods"
"Spiny dogfish",Fishes,"Aquatic foods"
Anatidae,Poultry,"Animal foods"
Anguilliformes,Fishes,"Aquatic foods"
"True frog",Amphibians,"Aquatic foods"
Garfish,Fishes,"Aquatic foods"
Gadiformes,Fishes,"Aquatic foods"
"Mountain hare",Lagomorphs,"Animal foods"
"Lake trout",Fishes,"Aquatic foods"
"Lemon sole",Fishes,"Aquatic foods"
"Clawed lobster",Crustaceans,"Aquatic foods"
Lumpsucker,Fishes,"Aquatic foods"
"Scombridae (Bonito, Mackerel, Tuna)",Fishes,"Aquatic foods"
"Marine mussel",Mollusks,"Aquatic foods"
"Norway haddock",Fishes,"Aquatic foods"
"Norway lobster",Crustaceans,"Aquatic foods"
"Norway pout",Fishes,"Aquatic foods"
"Oil palm","Oilseed crops","Herbs and Spices"
"True oyster",Mollusks,"Aquatic foods"
"Sago palm","Oilseed crops","Herbs and Spices"
Persimmon,"Tropical fruits",Fruits
Pikeperch,Fishes,"Aquatic foods"
"Pleuronectidae (Dab, Halibut, Plaice)",Fishes,"Aquatic foods"
"Rock ptarmigan",Poultry,"Animal foods"
"Pacific ocean perch",Fishes,"Aquatic foods"
"Black salsify","Root vegetables",Vegetables
"True seal",Pinnipeds,"Aquatic foods"
"Red algae",Seaweed,"Aquatic foods"
Kombu,Seaweed,"Aquatic foods"
Snail,Mollusks,"Aquatic foods"
"True sole",Fishes,"Aquatic foods"
Catfish,Fishes,"Aquatic foods"
Thistle,"Root vegetables",Vegetables
Thunnus,Fishes,"Aquatic foods"
Walnut,Nuts,Nuts
"Cetacea (Dolphin, Porpoise, Whale)",Cetaceans,"Aquatic foods"
"Columbidae (Dove, Pigeon)",Poultry,"Animal foods"
Conch,Mollusks,"Aquatic foods"
"Grape wine","Fermented beverages",Beverages
"Berry wine","Fermented beverages",Beverages
"Other wine","Fermented beverages",Beverages
"Apple cider","Fermented beverages",Beverages
Liquor,"Distilled beverages",Beverages
Cheese,"Fermented milk products","Milk and milk products"
"Milk (Cow)","Unfermented milks","Milk and milk products"
Eggs,Eggs,Eggs
Yogurt,"Fermented milk products","Milk and milk products"
Bean,Beans,Pulses
Vodka,"Distilled beverages",Beverages
Whisky,"Distilled beverages",Beverages
"Ice cream","Frozen desserts",Confectioneries
Gin,"Distilled beverages",Beverages
Honey,"Other confectioneries",Confectioneries
Liquorice,Candies,Confectioneries
Vinegar,Seasonings,"Baking goods"
Rum,"Distilled beverages",Beverages
"Port wine","Fortified wines",Beverages
Vermouth,"Fortified wines",Beverages
Sherry,"Fortified wines",Beverages
"Madeira wine","Fortified wines",Beverages
Nougat,"Other confectioneries",Confectioneries
Toffee,"Other confectioneries",Confectioneries
Cake,Desserts,Confectioneries
Pizza,"Other dishes",Dishes
Ymer,"Fermented milk products","Milk and milk products"
"Other snack food","Snack foods","Snack foods"
"Crisp bread","Flat breads","Cereals and cereal products"
Pastry,Desserts,Confectioneries
Dragée,Candies,Confectioneries
"Chewing gum",Candies,Confectioneries
Marzipan,"Other confectioneries",Confectioneries
"Salad dressing",Dressings,"Baking goods"
Sauce,Sauces,"Baking goods"
Salt,Seasonings,"Baking goods"
Butter,"Other milk products","Milk and milk products"
"Butter substitute",Substitutes,"Baking goods"
Cream,"Other milk products","Milk and milk products"
Sugar,Sugars,"Baking goods"
Sausage,"Ground meat",Dishes
Meatball,"Ground meat",Dishes
Mustard,Condiments,"Baking goods"
Pate,"Ground meat",Dishes
"Sugar substitute",Substitutes,"Baking goods"
"Meat bouillon","Baking goods","Baking goods"
Whey,"Other milk products","Milk and milk products"
Casein,"Other milk products","Milk and milk products"
"Fruit preserve","Fruit products",Fruits
"Leavening agent","Baking goods","Baking goods"
Marshmallow,Candies,Confectioneries
Gelatin,"Baking goods","Baking goods"
Water,Waters,Beverages
"Other fish product","Fish products","Aquatic foods"
"Milk (Human)","Unfermented milks","Milk and milk products"
"Other beverage","Other beverages",Beverages
"Baby food","Baby foods","Baby foods"
Dumpling,"Other dishes",Dishes
Soup,"Other dishes",Dishes
"Other vegetable product","Vegetable products",Vegetables
"Unclassified food or beverage",Unclassified,Unclassified
Syrup,"Baking goods","Baking goods"
Tallow,"Animal fats","Fats and oils"
Remoulade,Condiments,"Baking goods"
"Chocolate spread",Spreads,Confectioneries
"Fruit gum",Candies,Confectioneries
"Curry powder","Herb and spice mixtures","Herbs and Spices"
"Other candy",Candies,Confectioneries
Meringue,"Other confectioneries",Confectioneries
Lard,"Animal fats","Fats and oils"
"Other animal fat","Animal fats","Fats and oils"
"Other cocoa product","Cocoa products","Cocoa and cocoa products"
"Cocoa butter","Cocoa products","Cocoa and cocoa products"
"Cocoa powder","Cocoa products","Cocoa and cocoa products"
"Cocoa liquor","Cocoa products","Cocoa and cocoa products"
Chocolate,"Cocoa products","Cocoa and cocoa products"
"Hot chocolate","Cocoa products","Cocoa and cocoa products"
"Dried milk","Other milk products","Milk and milk products"
"Milk (Other mammals)","Unfermented milks","Milk and milk products"
Kefir,"Fermented milks","Milk and milk products"
Buttermilk,"Fermented milks","Milk and milk products"
"Other fermented milk","Fermented milks","Milk and milk products"
"Soy sauce","Soy products",Soy
Miso,"Soy products",Soy
Tofu,"Soy products",Soy
Zwieback,"Leavened breads","Cereals and cereal products"
Roe,Roe,"Aquatic foods"
"Cichlidae (Tilapia)",Fishes,"Aquatic foods"
Icing,"Other confectioneries",Confectioneries
"Snack bar","Snack foods","Snack foods"
"Green turtle","Other aquatic foods","Aquatic foods"
"Energy drink","Nutritional beverages",Beverages
Burrito,"Tex-Mex cuisine",Dishes
Hamburger,Sandwiches,Dishes
"Baked beans","Other dishes",Dishes
Chili,"Tex-Mex cuisine",Dishes
Taco,"Tex-Mex cuisine",Dishes
Tortilla,"Flat breads","Cereals and cereal products"
Nachos,"Tex-Mex cuisine",Dishes
"Processed cheese","Fermented milk products","Milk and milk products"
Salad,"Other dishes",Dishes
"Cream substitute",Substitutes,"Baking goods"
"Dulce de leche",Spreads,Confectioneries
Topping,"Baking goods","Baking goods"
"Sweet custard","Milk desserts",Confectioneries
"Egg roll","Asian cuisine",Dishes
"Heart of palm","Other vegetables",Vegetables
Popcorn,"Snack foods","Snack foods"
"Potato chip","Snack foods","Snack foods"
"Tortilla chip","Snack foods","Snack foods"
"Corn chip","Snack foods","Snack foods"
"Hibiscus tea","Herbal teas",Teas
Stew,"Other dishes",Dishes
"Gelatin dessert",Desserts,Confectioneries
Junket,"Milk desserts",Confectioneries
Falafel,"Other dishes",Dishes
Frybread,"Other dishes",Dishes
"Other frozen dessert","Frozen desserts",Confectioneries
Lasagna,"Pasta dishes",Dishes
"Morchella (Morel)",Mushrooms,Vegetables
Pancake,"Other dishes",Dishes
Pectin,"Baking goods","Baking goods"
Pudding,Desserts,Confectioneries
Waffle,"Other dishes",Dishes
"Soy milk","Soy products",Soy
Meatloaf,"Ground meat",Dishes
Sake,"Fermented beverages",Beverages
Cocktail,"Alcoholic beverages",Beverages
Couscous,"Berber cuisine",Dishes
Bulgur,"Cereal products","Cereals and cereal products"
"Coffee substitute",Substitutes,"Baking goods"
"Coffee mocha","Coffee products","Coffee and coffee products"
Chimichanga,"Mexican cuisine",Dishes
Semolina,"Cereal products","Cereals and cereal products"
"Tapioca pearl","Baking goods","Baking goods"
Tostada,"Mexican cuisine",Dishes
Quesadilla,"Mexican cuisine",Dishes
"Baked potato","Potato dishes",Dishes
"Hot dog",Sandwiches,Dishes
Spread,"Baking goods","Baking goods"
Enchilada,"Mexican cuisine",Dishes
"Egg substitute",Substitutes,"Baking goods"
"Nutritional drink","Nutritional beverages",Beverages
"Other sandwich",Sandwiches,Dishes
Ketchup,Condiments,"Baking goods"
"Breakfast sandwich",Sandwiches,Dishes
Adobo,Seasonings,"Baking goods"
"Macaroni and cheese","Pasta dishes",Dishes
Butterfat,"Other milk products","Milk and milk products"
"Horned melon",Gourds,Gourds
Hushpuppy,"American cuisine",Dishes
"Fruit juice","Other beverages",Beverages
Relish,Condiments,"Baking goods"
"Other fruit product","Fruit products",Fruits
"Fruit salad","Fruit products",Fruits
"Soy yogurt","Soy products",Soy
"Vegetarian food","Other dishes",Dishes
"Veggie burger",Sandwiches,Dishes
"Cold cut","Ground meat",Dishes
"Mixed nuts",Nuts,Nuts
Canola,"Oilseed crops","Herbs and spices"
"Babassu palm","Oilseed crops","Herbs and Spices"
Cupuaçu,"Oilseed crops","Herbs and Spices"
"Shea tree","Oilseed crops","Herbs and Spices"
"Oil-seed Camellia","Oilseed crops","Herbs and Spices"
Ucuhuba,"Oilseed crops","Herbs and Spices"
"Phyllo dough","Baking goods","Baking goods"
"Cooking oil","Baking goods","Baking goods"
"Pie crust",Wrappers,"Baking goods"
"Pie filling","Baking goods","Baking goods"
Pie,Desserts,Confectioneries
Shortening,"Vegetable fats","Fats and oils"
"Soy cream","Soy products",Soy
"Ice cream cone",Wrappers,"Baking goods"
Molasses,"Baking goods","Baking goods"
Cracker,"Snack foods","Snack foods"
Nance,"Tropical fruits",Fruits
Naranjilla,"Tropical fruits",Fruits
Natto,"Soy products",Soy
Ravioli,"Pasta dishes",Dishes
Scrapple,"American cuisine",Dishes
"Other pasta dish","Pasta dishes",Dishes
Succotash,"American cuisine",Dishes
Tamale,"Latin American cuisine",Dishes
"Rice cake","Asian cuisine",Dishes
"Tree fern","Other vegetables",Vegetables
"Evaporated milk","Other milk products","Milk and milk products"
Flour,"Cereal products","Cereals and cereal products"
Akutaq,Desserts,Confectioneries
Dough,Doughs,"Cereals and cereal products"
"Pita bread","Flat breads","Cereals and cereal products"
Focaccia,"Flat breads","Cereals and cereal products"
Bagel,"Leavened breads","Cereals and cereal products"
"Other bread product","Bread products","Cereals and cereal products"
"Piki bread","Flat breads","Cereals and cereal products"
"French toast","Leavened breads","Cereals and cereal products"
"Wheat bread","Leavened breads","Cereals and cereal products"
"Rye bread","Leavened breads","Cereals and cereal products"
"Oat bread","Leavened breads","Cereals and cereal products"
"Potato bread","Other breads","Cereals and cereal products"
Cornbread,"Flat breads","Cereals and cereal products"
"Corn grits","Cereal products","Cereals and cereal products"
"Multigrain bread","Leavened breads","Cereals and cereal products"
"Rice bread","Leavened breads","Cereals and cereal products"
"Pan dulce","Leavened breads","Cereals and cereal products"
"Raisin bread","Sweet breads","Cereals and cereal products"
"Wonton wrapper",Wrappers,"Baking goods"
"Trail mix","Snack foods","Snack foods"
"Greenthread tea","Herbal teas",Teas
"Fruit-flavor drink","Other beverages",Beverages
"Vegetable juice","Other beverages",Beverages
Horchata,"Other beverages",Beverages
"Soft drink","Other beverages",Beverages
"Frozen yogurt","Frozen desserts",Confectioneries
Milkshake,"Frozen desserts",Confectioneries
"Chocolate mousse",Desserts,Confectioneries
Dripping,"Animal fats","Fats and oils"
Pupusa,"Latin American cuisine",Dishes
Empanada,"Latin American cuisine",Dishes
Arepa,"Latin American cuisine",Dishes
Ascidians,"Other aquatic foods","Aquatic foods"
"Gefilte fish","Jewish cuisine",Dishes
"Yellow pond-lily",Herbs,"Herbs and Spices"
"Fish burger",Sandwiches,Dishes
"Other dish","Other dishes",Dishes
"Pot pie","Other dishes",Dishes
Stuffing,"Baking goods","Baking goods"
"Edible shell",Wrappers,"Baking goods"
Fudge,Candies,Confectioneries
"Candy bar",Candies,Confectioneries
"Condensed milk","Other milk products","Milk and milk products"
Margarine,"Vegetable fats","Fats and oils"
"Margarine-like spread","Vegetable fats","Fats and oils"
Hummus,"Levantine cuisine",Dishes
"Potato puffs","Potato dishes",Dishes
"Potato gratin","Potato dishes",Dishes
"Milk substitute",Substitutes,"Baking goods"
"Pepper (C. pubescens)","Fruit vegetables",Vegetables
"Soft-necked garlic",Herbs,"Herbs and Spices"
Cabbage,Cabbages,Vegetables
"Chinese bayberry",Berries,Fruits
Mushrooms,Mushrooms,Vegetables
"Alcoholic beverages","Alcoholic beverages",Beverages
"Onion-family vegetables","Onion-family vegetables",Vegetables
Pomes,Pomes,Fruits
Brassicas,Brassicas,Vegetables
"Cereals and cereal products","Cereals and cereal products","Cereals and cereal products"
Citrus,Citrus,Fruits
"Cocoa and cocoa products","Cocoa and cocoa products","Cocoa and cocoa products"
"Coffee and coffee products","Coffee and coffee products","Coffee and coffee products"
Crustaceans,Crustaceans,"Aquatic foods"
"Milk and milk products","Milk and milk products","Milk and milk products"
"Fats and oils","Fats and oils","Fats and oils"
Fishes,Fishes,"Aquatic foods"
"Herbs and Spices","Herbs and Spices","Herbs and Spices"
Pulses,Pulses,Pulses
Mollusks,Mollusks,"Aquatic foods"
Nuts,Nuts,Nuts
Beverages,Beverages,Beverages
Fruits,Fruits,Fruits
"Green vegetables","Green vegetables",Vegetables
"Root vegetables","Root vegetables",Vegetables
"Sunburst squash (pattypan squash)",Gourds,Gourds
"Green zucchini",Gourds,Gourds
"Yellow zucchini",Gourds,Gourds
"Green bell pepper","Fruit vegetables",Vegetables
"Yellow bell pepper","Fruit vegetables",Vegetables
"Orange bell pepper","Fruit vegetables",Vegetables
"Red bell pepper","Fruit vegetables",Vegetables
"Italian sweet red pepper","Fruit vegetables",Vegetables
"Yellow wax bean",Beans,Pulses
"Green bean",Beans,Pulses
"Saskatoon berry",Berries,Fruits
"Nanking cherry",Berries,Fruits
"Japanese pumpkin",Gourds,Gourds
"White cabbage",Cabbages,Vegetables
"Romaine lettuce","Leaf vegetables",Vegetables
"Cow milk, pasteurized, vitamin A + D added, 0% fat","Unfermented milks","Milk and milk products"
"Cow milk, pasteurized, vitamin A + D added, 1% fat","Unfermented milks","Milk and milk products"
"Cow milk, pasteurized, vitamin A + D added, 2% fat","Unfermented milks","Milk and milk products"
"Cow milk, pasteurized, vitamin D added, 3.25% fat","Unfermented milks","Milk and milk products"
"Castanospermum australe",,Vegetables
"Gentiana lutea",,Vegetables
"Juniperus communis",,Vegetables
"Albizia gummifera",,Vegetables
Mundu,"Tropical fruits",Fruits
"Rabbiteye blueberry",Berries,Fruits
"Yali pear",Pomes,Fruits
"Asparagus racemosus","Shoot vegetables",Vegetables
"Evergreen blackberry",Berries,Fruits
"Asparagus fern",Herbs,"Herbs and Spices"
"Thornless blackberry",Berries,Fruits
"Tropical highland blackberry",Berries,Fruits
"Andean blackberry",Berries,Fruits
Blackberry,Berries,Fruits
"Black tea",Teas,Teas
"Green tea",Teas,Teas
"Olive oil","Oilseed crops","Herbs and Spices"
Macroalgae,Seaweed,"Aquatic foods"
"Red wine","Fermented beverages",Beverages
"linseed oil","Oilseed crops","Herbs and Spices"
"Rapeseed oil","Oilseed crops","Herbs and Spices"
"Soybean oil","Oilseed crops","Herbs and Spices"
Guarana,Herbs,"Herbs and Spices"
Mate,Herbs,"Herbs and Spices"
"White wine","Fermented beverages",Beverages
"Sour orange",Citrus,Fruits
"Egg yolk",Eggs,Eggs
"Rosé wine","Fermented beverages",Beverages
"White mulberry",Herbs,"Herbs and Spices"
"Canola oil","Oilseed crops","Herbs and Spices"
"Dessert wine","Fermented beverages",Beverages
"Red champagne","Alcoholic beverages",Beverages
"Red tea",Teas,Teas
"White champagne","Alcoholic beverages",Beverages
"Red grape juice",Beverages,Beverages
"White grape juice",Beverages,Beverages
Crosne,"Root vegetables",Vegetables
"Red clover",Herbs,"Herbs and Spices"
"Partridge berry",Berries,Fruits
Mikan,Citrus,Fruits
"Mozzarella cheese","Fermented milk products","Milk and milk products"
"Plain cream cheese","Fermented milk products","Milk and milk products"
"Cheddar Cheese","Fermented milk products","Milk and milk products"
"Parmesan cheese","Fermented milk products","Milk and milk products"
"Almond milk","Other milk products","Milk and milk products"
"Coconut milk","Other milk products","Milk and milk products"
"Salted butter","Other milk products","Milk and milk products"
"Sunflower oil","Oilseed crops","Herbs and Spices"
"Coconut oil","Oilseed crops","Herbs and Spices"
"Peanut oil","Oilseed crops","Herbs and Spices"
"Cottonseed oil","Oilseed crops","Herbs and Spices"
"Corn oil","Oilseed crops","Herbs and Spices"
"Avocado oil","Oilseed crops","Herbs and Spices"
"Grapeseed oil","Oilseed crops","Herbs and Spices"
"Sesame oil","Oilseed crops","Herbs and Spices"
"Monterey Jack cheese","Fermented milk products","Milk and milk products"
"Swiss cheese","Fermented milk products","Milk and milk products"
"Cottage cheese","Fermented milk products","Milk and milk products"
"Blue cheese","Fermented milk products","Milk and milk products"
Clam,Bivalvia,"Aquatic foods"
"Sour cream","Other milk products","Milk and milk products"
"Whole wheat bread",Cereals,"Cereals and cereal products"
"Jalapeno pepper","Fruit vegetables",Vegetables
"Greek feta cheese","Fermented milk products","Milk and milk products"
Eddoe,"Root vegetables",Vegetables
Plantain,"Tropical fruits",Fruits
Clementine,Citrus,Fruits
"Green apple",Pomes,Fruits
"White onion","Onion-family vegetables",Vegetables
"Red onion","Onion-family vegetables",Vegetables
"Green onion","Onion-family vegetables",Vegetables
"Green grape",Berries,Fruits
"Red grape",Berries,Fruits
"Black plum",Berries,Fruits
"Green cabbage",Cabbages,Vegetables
"Black raisin",Berries,Fruits
"Cannellini bean",Beans,Pulses
"Green lentil",Pulses,Pulses
"Cubanelle pepper","Fruit vegetables",Vegetables
"Acorn squash",Gourds,Gourds
"Iceberg lettuce","Leaf vegetables",Vegetables
"Japanese sea bass",Fishes,"Aquatic foods"
"Pea shoots","Leaf vegetables",Vegetables
"Yau choy","Leaf vegetables",Vegetables
"Water spinach","Leaf vegetables",Vegetables
"Chineese plum",Berries,Fruits
"Green plum",Berries,Fruits
Wampee,Berries,Fruits
Pitaya,"Tropical fruits",Fruits
Goji,Berries,Fruits
"Monk fruit",Berries,Fruits
"Cantaloupe melon",Gourds,Gourds
Hawthorn,Berries,Fruits
"Lantern fruit",Berries,Fruits
"White bread",Cereals,"Cereals and cereal products"
"Cape gooseberry",Berries,Fruits
"Herbal tea",Teas,Teas
"Fish oil",NULL,NULL
"Taco shell",NULL,NULL
"Tostada shell",NULL,NULL
